officer_id,officer_tag,officer_name_last
401,xvxe,Abraham
402,kobl,Bailey
403,x0qi,Carr
404,pd7n,Davidson
405,87cl,Ellison
406,m8w6,Forsyth
407,wnaf,Glover
408,as5q,Harris
409,pb8x,Ince
410,5t8r,Jones
411,2tb7,Knox
412,9aa1,Lambert
413,5sjg,Murray
414,k1lv,Nash
415,cn7q,Oliver
416,1qhj,Paige
417,s9l6,Quinn
418,bakn,Rampling
419,pt9y,Sutherland
420,paed,Taylor
421,zaif,Underwood
422,h8pg,Vaughan
423,vqdq,Walker
424,d6hs,Xiong
425,tb5t,Young
426,d2nz,Zimmer
427,9je3,Aikman
428,vzno,Bell
429,85i6,Coolie
430,zkff,Dulles
431,6ust,Estes
432,785o,Flag
433,6zmz,Grind
434,525l,Hyer
435,cbku,Instance
436,0cot,Jack
437,ojoz,Kippler
438,tun2,Laurence
439,ob7u,Michaels
440,27vk,Never
441,ovvy,Object
442,bqrp,Power
443,yocg,Quincy
444,yk8a,Rolls
445,fg86,Sherman
446,wfv3,Tut
447,goed,Unger
448,nkql,Vince
449,lptr,Wilson
450,2w56,Xiang
451,fjh2,Yu
452,lsg3,Zack
453,lgds,Ades
454,jp1a,Byron
455,zs4z,Colgate
456,0izt,Dyer
457,7-Jun,Easton
458,jmhn,Fox
459,zpzj,Gauge
460,q5lj,Hastings
461,rzj1,Ides
462,hw3p,James
